Order ID,Customer Age,Bike Value,Existing Customer?,Store,Bike,Quarter,Day of Month
11.0,57.0,902.0,No,Birmingham,Road,4,4
12.0,31.0,946.0,Yes,Leeds,Road,1,17
13.0,17.0,1296.0,Yes,Birmingham,Road,4,25
14.0,59.0,1166.0,Yes,Manchester,Road,3,18
15.0,24.0,1781.0,No,Manchester,Mountain,4,10
16.0,59.0,1074.0,No,York,Mountain,4,6
17.0,57.0,1188.0,No,York,Mountain,3,14
18.0,56.0,544.0,No,York,Mountain,4,23
19.0,34.0,579.0,Yes,York,Gravel,4,24
20.0,17.0,1021.0,Yes,York,Gravel,2,24
21.0,36.0,786.0,Yes,London,Road,2,9
22.0,51.0,1596.0,No,London,Road,1,2
23.0,24.0,745.0,No,London,Road,1,20
24.0,50.0,1937.0,No,London,Road,2,13
25.0,35.0,1958.0,No,Leeds,Mountain,3,5
26.0,34.0,659.0,Yes,Birmingham,Mountain,4,21
27.0,56.0,1403.0,Yes,Leeds,Mountain,2,7
28.0,28.0,1347.0,Yes,Birmingham,Mountain,1,12
29.0,24.0,1755.0,No,Manchester,Gravel,1,7
30.0,54.0,1190.0,No,Manchester,Gravel,1,3
31.0,50.0,1643.0,No,York,Road,3,17
32.0,22.0,934.0,No,York,Road,1,29
33.0,30.0,968.0,Yes,York,Road,4,13
34.0,37.0,881.0,Yes,York,Road,3,21
35.0,52.0,1413.0,Yes,York,Mountain,4,2
36.0,59.0,1906.0,No,London,Mountain,2,30
37.0,53.0,1889.0,No,London,Mountain,2,5
38.0,56.0,1426.0,No,London,Mountain,3,20
39.0,50.0,1116.0,No,London,Gravel,3,1
40.0,15.0,1353.0,Yes,Leeds,Gravel,2,8
41.0,28.0,768.0,Yes,Birmingham,Road,2,18
42.0,56.0,1737.0,Yes,Leeds,Road,1,7
43.0,47.0,826.0,No,Birmingham,Road,2,16
44.0,28.0,1824.0,No,Manchester,Road,3,1
45.0,18.0,1706.0,No,Manchester,Mountain,1,18
46.0,38.0,1411.0,No,York,Mountain,1,30
47.0,37.0,415.0,Yes,York,Mountain,2,13
48.0,56.0,1894.0,Yes,York,Mountain,4,3
49.0,15.0,653.0,Yes,York,Gravel,1,16
50.0,56.0,1666.0,No,York,Gravel,2,30
51.0,53.0,714.0,No,London,Road,2,1
52.0,16.0,1557.0,No,London,Road,1,31
53.0,21.0,653.0,No,London,Road,1,25
54.0,42.0,936.0,Yes,London,Road,3,21
55.0,22.0,1401.0,Yes,Leeds,Mountain,3,21
56.0,18.0,638.0,Yes,York,Mountain,2,25
57.0,25.0,1406.0,No,York,Mountain,2,25
58.0,30.0,1948.0,No,York,Mountain,2,27
59.0,28.0,1327.0,No,York,Gravel,2,17
60.0,17.0,831.0,No,York,Gravel,4,9
61.0,17.0,1081.0,Yes,London,Road,4,19
62.0,73.0,1074.0,Yes,London,Road,4,17
63.0,57.0,993.0,Yes,London,Road,1,10
64.0,54.0,1569.0,No,London,Road,3,20
65.0,26.0,683.0,No,Leeds,Mountain,1,14
66.0,40.0,1579.0,No,Birmingham,Mountain,3,11
67.0,22.0,871.0,No,Leeds,Mountain,2,30
68.0,54.0,1136.0,Yes,Birmingham,Mountain,3,29
69.0,21.0,1659.0,Yes,Manchester,Gravel,3,16
70.0,24.0,1545.0,Yes,Manchester,Gravel,1,22
71.0,60.0,887.0,No,York,Road,1,3
72.0,32.0,433.0,No,York,Road,1,24
73.0,37.0,675.0,No,York,Road,4,10
74.0,39.0,516.0,No,York,Road,2,1
75.0,23.0,1960.0,Yes,York,Mountain,3,30
76.0,15.0,780.0,Yes,London,Mountain,2,14
77.0,16.0,1858.0,Yes,London,Mountain,3,9
78.0,20.0,429.0,No,London,Mountain,1,19
79.0,47.0,1319.0,No,London,Gravel,3,26
80.0,37.0,1988.0,No,Leeds,Gravel,1,1
81.0,40.0,1605.0,No,Birmingham,Road,4,13
82.0,52.0,870.0,Yes,Leeds,Road,1,1
83.0,28.0,894.0,Yes,Birmingham,Road,2,24
84.0,20.0,895.0,Yes,Manchester,Road,3,26
85.0,60.0,681.0,No,Manchester,Mountain,2,29
86.0,21.0,1841.0,No,York,Mountain,2,13
87.0,57.0,487.0,No,York,Mountain,4,11
88.0,44.0,574.0,No,York,Mountain,4,25
89.0,56.0,1093.0,Yes,York,Gravel,4,1
90.0,27.0,453.0,Yes,York,Gravel,2,17
91.0,50.0,629.0,Yes,London,Road,3,27
92.0,51.0,808.0,No,London,Road,1,15
93.0,54.0,1661.0,No,London,Road,1,6
94.0,31.0,1957.0,No,London,Road,3,17
95.0,39.0,437.0,No,Leeds,Mountain,3,8
96.0,31.0,1667.0,Yes,Birmingham,Mountain,3,8
97.0,60.0,1779.0,Yes,Leeds,Mountain,3,21
98.0,50.0,1892.0,Yes,Birmingham,Mountain,2,25
99.0,58.0,1772.0,No,Manchester,Gravel,2,21
100.0,25.0,1155.0,No,Manchester,Gravel,1,23
101.0,35.0,896.0,No,York,Road,3,29
102.0,24.0,602.0,No,York,Road,4,26
103.0,22.0,993.0,Yes,York,Road,3,24
104.0,18.0,1973.0,Yes,York,Road,2,4
105.0,39.0,789.0,Yes,York,Mountain,1,19
106.0,28.0,1283.0,No,London,Mountain,2,6
107.0,43.0,1246.0,No,London,Mountain,4,18
108.0,44.0,1163.0,No,London,Mountain,2,11
109.0,29.0,564.0,No,London,Gravel,1,8
110.0,18.0,792.0,Yes,Leeds,Gravel,1,19
111.0,45.0,1749.0,Yes,York,Road,4,24
112.0,47.0,883.0,Yes,York,Road,4,8
113.0,40.0,1877.0,No,York,Road,3,4
114.0,17.0,420.0,No,York,Road,3,8
115.0,47.0,1018.0,No,York,Mountain,3,17
116.0,27.0,480.0,No,London,Mountain,3,12
117.0,26.0,678.0,Yes,London,Mountain,1,25
118.0,30.0,1830.0,Yes,London,Mountain,3,6
119.0,39.0,1722.0,Yes,London,Gravel,3,9
120.0,39.0,891.0,No,Leeds,Gravel,2,31
121.0,46.0,1404.0,No,Birmingham,Road,2,28
122.0,44.0,1767.0,No,Leeds,Road,2,25
123.0,54.0,470.0,No,Birmingham,Road,3,15
124.0,37.0,1572.0,Yes,Manchester,Road,1,7
125.0,20.0,1898.0,Yes,Manchester,Mountain,1,10
126.0,18.0,1158.0,Yes,York,Mountain,1,16
127.0,37.0,654.0,No,York,Mountain,4,21
128.0,41.0,955.0,No,York,Mountain,2,7
129.0,39.0,1786.0,No,York,Gravel,2,2
130.0,26.0,1387.0,No,York,Gravel,3,28
131.0,58.0,432.0,Yes,London,Road,2,8
132.0,58.0,658.0,Yes,London,Road,4,22
133.0,40.0,1006.0,Yes,London,Road,1,20
134.0,49.0,971.0,No,London,Road,1,12
135.0,60.0,1175.0,No,Leeds,Mountain,2,16
136.0,59.0,1224.0,No,Birmingham,Mountain,1,22
137.0,57.0,1994.0,No,Leeds,Mountain,2,30
138.0,44.0,1434.0,Yes,Birmingham,Mountain,1,23
139.0,41.0,472.0,Yes,Manchester,Gravel,3,14
140.0,27.0,1625.0,Yes,Manchester,Gravel,3,7
141.0,48.0,638.0,No,York,Road,2,29
142.0,35.0,1183.0,No,York,Road,4,17
143.0,30.0,1415.0,No,York,Road,2,23
144.0,36.0,718.0,No,York,Road,3,19
145.0,59.0,1108.0,Yes,York,Mountain,1,26
146.0,25.0,1399.0,Yes,London,Mountain,4,1
147.0,21.0,1442.0,Yes,London,Mountain,3,26
148.0,40.0,874.0,No,London,Mountain,2,29
149.0,36.0,461.0,No,London,Gravel,2,28
150.0,34.0,1947.0,No,Leeds,Gravel,3,16
151.0,40.0,1283.0,No,Birmingham,Road,1,5
152.0,57.0,1567.0,Yes,Leeds,Road,2,18
153.0,49.0,1333.0,Yes,Birmingham,Road,4,8
154.0,31.0,905.0,Yes,Manchester,Road,4,2
155.0,28.0,1277.0,No,Manchester,Mountain,2,3
156.0,36.0,1548.0,No,York,Mountain,3,9
157.0,18.0,1020.0,No,York,Mountain,1,16
158.0,59.0,534.0,No,York,Mountain,1,21
159.0,29.0,795.0,Yes,York,Gravel,1,3
160.0,27.0,1400.0,Yes,York,Gravel,3,4
161.0,54.0,1663.0,Yes,London,Road,1,28
162.0,17.0,471.0,No,London,Road,1,24
163.0,32.0,857.0,No,London,Road,3,18
164.0,17.0,1889.0,No,London,Road,4,4
165.0,52.0,1830.0,No,Leeds,Mountain,1,25
166.0,15.0,975.0,Yes,York,Mountain,2,1
167.0,39.0,861.0,Yes,York,Mountain,2,1
168.0,41.0,1898.0,Yes,York,Mountain,3,6
169.0,15.0,611.0,No,York,Gravel,1,20
170.0,36.0,1021.0,No,York,Gravel,3,30
171.0,37.0,1520.0,No,London,Road,1,2
172.0,22.0,1778.0,No,London,Road,4,26
173.0,59.0,933.0,Yes,London,Road,2,16
174.0,57.0,443.0,Yes,London,Road,2,16
175.0,37.0,923.0,Yes,Leeds,Mountain,1,12
176.0,48.0,696.0,No,Birmingham,Mountain,4,18
177.0,41.0,789.0,No,Leeds,Mountain,2,30
178.0,47.0,1352.0,No,Birmingham,Mountain,2,28
179.0,30.0,1426.0,No,Manchester,Gravel,3,22
180.0,36.0,1011.0,Yes,Manchester,Gravel,2,12
181.0,44.0,1506.0,Yes,York,Road,1,27
182.0,31.0,1205.0,Yes,York,Road,4,28
183.0,36.0,660.0,No,York,Road,4,13
184.0,38.0,1052.0,No,York,Road,3,9
185.0,50.0,1742.0,No,York,Mountain,4,28
186.0,47.0,765.0,No,London,Mountain,2,10
187.0,29.0,1195.0,Yes,London,Mountain,4,2
188.0,31.0,1343.0,Yes,London,Mountain,3,24
189.0,42.0,725.0,Yes,London,Gravel,2,21
190.0,44.0,928.0,No,Leeds,Gravel,1,25
191.0,28.0,1736.0,No,Birmingham,Road,1,8
192.0,26.0,1653.0,No,Leeds,Road,2,26
193.0,34.0,1045.0,No,Birmingham,Road,1,26
194.0,35.0,1245.0,Yes,Manchester,Road,2,14
195.0,47.0,1980.0,Yes,Manchester,Mountain,1,20
196.0,43.0,1881.0,Yes,York,Mountain,4,18
197.0,49.0,1691.0,No,York,Mountain,4,5
198.0,37.0,535.0,No,York,Mountain,3,18
199.0,25.0,816.0,No,York,Gravel,3,6
200.0,30.0,999.0,No,York,Gravel,4,7
201.0,34.0,1255.0,Yes,London,Road,1,26
202.0,41.0,1998.0,Yes,London,Road,2,6
203.0,37.0,1610.0,Yes,London,Road,3,14
204.0,25.0,1438.0,No,London,Road,2,19
205.0,27.0,1203.0,No,Leeds,Mountain,2,24
206.0,29.0,1626.0,No,Birmingham,Mountain,2,5
207.0,32.0,1833.0,No,Leeds,Mountain,3,29
208.0,46.0,1133.0,Yes,Birmingham,Mountain,2,18
209.0,30.0,1113.0,Yes,Manchester,Gravel,1,4
210.0,34.0,1544.0,Yes,Manchester,Gravel,1,2
211.0,41.0,787.0,No,York,Road,2,19
212.0,38.0,641.0,No,York,Road,4,30
213.0,30.0,596.0,No,York,Road,1,21
214.0,49.0,645.0,No,York,Road,2,7
215.0,50.0,1906.0,Yes,York,Mountain,2,14
216.0,33.0,1923.0,Yes,London,Mountain,2,13
217.0,44.0,607.0,Yes,London,Mountain,4,4
218.0,36.0,1773.0,No,London,Mountain,1,26
219.0,34.0,936.0,No,London,Gravel,2,2
220.0,33.0,1399.0,No,Leeds,Gravel,2,4
221.0,48.0,433.0,No,York,Road,3,18
222.0,29.0,1415.0,Yes,York,Road,2,13
223.0,30.0,1327.0,Yes,York,Road,2,26
224.0,35.0,1105.0,Yes,York,Road,2,15
225.0,39.0,1496.0,No,York,Mountain,2,30
226.0,35.0,1949.0,No,London,Mountain,3,9
227.0,43.0,910.0,No,London,Mountain,1,10
228.0,36.0,1317.0,No,London,Mountain,3,27
229.0,27.0,646.0,Yes,London,Gravel,1,16
230.0,27.0,419.0,Yes,Leeds,Gravel,4,29
231.0,25.0,1593.0,Yes,Birmingham,Road,1,21
232.0,37.0,889.0,No,Leeds,Road,2,4
233.0,29.0,877.0,No,Birmingham,Road,4,23
234.0,46.0,1073.0,No,Manchester,Road,2,1
235.0,35.0,1360.0,No,Manchester,Mountain,3,2
236.0,40.0,1482.0,Yes,York,Mountain,3,12
237.0,40.0,545.0,Yes,York,Mountain,4,16
238.0,34.0,1644.0,Yes,York,Mountain,2,20
239.0,34.0,1899.0,No,York,Gravel,4,28
240.0,36.0,1108.0,No,York,Gravel,1,19
241.0,37.0,1024.0,No,London,Road,4,22
242.0,28.0,1404.0,No,London,Road,2,11
243.0,29.0,1549.0,Yes,London,Road,1,26
244.0,36.0,1189.0,Yes,London,Road,2,15
245.0,42.0,1076.0,Yes,Leeds,Mountain,4,5
246.0,43.0,976.0,No,Birmingham,Mountain,4,15
247.0,31.0,1284.0,No,Leeds,Mountain,1,1
248.0,48.0,532.0,No,Birmingham,Mountain,2,19
249.0,25.0,1070.0,No,Manchester,Gravel,1,13
250.0,38.0,1132.0,Yes,Manchester,Gravel,1,8
251.0,33.0,633.0,Yes,York,Road,3,18
252.0,40.0,1237.0,Yes,York,Road,4,12
253.0,31.0,533.0,No,York,Road,2,9
254.0,32.0,1758.0,No,York,Road,3,3
255.0,33.0,843.0,No,York,Mountain,4,3
256.0,48.0,736.0,No,London,Mountain,3,30
257.0,49.0,1755.0,Yes,London,Mountain,1,26
258.0,42.0,1014.0,Yes,London,Mountain,4,14
259.0,35.0,995.0,Yes,London,Gravel,3,11
260.0,41.0,572.0,No,Leeds,Gravel,3,28
261.0,31.0,537.0,No,Birmingham,Road,2,27
262.0,47.0,1493.0,No,Leeds,Road,3,3
263.0,25.0,1979.0,No,Birmingham,Road,2,23
264.0,45.0,525.0,Yes,Manchester,Road,2,22
265.0,25.0,1620.0,Yes,Manchester,Mountain,1,30
266.0,45.0,1761.0,Yes,York,Mountain,2,10
267.0,29.0,1628.0,No,York,Mountain,2,15
268.0,35.0,1490.0,No,York,Mountain,3,26
269.0,34.0,656.0,No,York,Gravel,2,16
270.0,25.0,1721.0,No,York,Gravel,1,15
271.0,50.0,1526.0,Yes,London,Road,1,24
272.0,32.0,913.0,Yes,London,Road,3,7
273.0,26.0,1472.0,Yes,London,Road,2,26
274.0,26.0,979.0,No,London,Road,2,2
275.0,43.0,1587.0,No,Leeds,Mountain,3,27
276.0,47.0,1794.0,No,York,Mountain,4,8
277.0,40.0,1697.0,No,York,Mountain,4,26
278.0,48.0,1833.0,Yes,York,Mountain,2,3
279.0,35.0,520.0,Yes,York,Gravel,2,3
280.0,33.0,659.0,Yes,York,Gravel,2,29
281.0,44.0,1888.0,No,London,Road,3,28
282.0,43.0,1677.0,No,London,Road,4,9
283.0,48.0,1486.0,No,London,Road,3,18
284.0,40.0,1913.0,No,London,Road,1,4
285.0,37.0,839.0,Yes,Leeds,Mountain,3,23
286.0,45.0,1652.0,Yes,Birmingham,Mountain,1,15
287.0,46.0,1833.0,Yes,Leeds,Mountain,2,29
288.0,29.0,765.0,No,Birmingham,Mountain,2,11
289.0,33.0,990.0,No,Manchester,Gravel,1,25
290.0,37.0,1116.0,No,Manchester,Gravel,1,16
291.0,34.0,657.0,No,York,Road,4,22
292.0,36.0,567.0,Yes,York,Road,3,4
293.0,42.0,1839.0,Yes,York,Road,4,6
294.0,33.0,770.0,Yes,York,Road,2,9
295.0,45.0,649.0,No,York,Mountain,2,5
296.0,34.0,1120.0,No,London,Mountain,1,27
297.0,49.0,1266.0,No,London,Mountain,1,12
298.0,41.0,828.0,No,London,Mountain,1,8
299.0,35.0,1968.0,Yes,London,Gravel,2,6
300.0,49.0,602.0,Yes,Leeds,Gravel,3,26
301.0,33.0,1076.0,Yes,Birmingham,Road,4,12
302.0,48.0,1840.0,No,Leeds,Road,2,29
303.0,39.0,620.0,No,Birmingham,Road,1,24
304.0,40.0,1305.0,No,Manchester,Road,4,8
305.0,50.0,655.0,No,Manchester,Mountain,1,13
306.0,29.0,1785.0,Yes,York,Mountain,2,2
307.0,43.0,1086.0,Yes,York,Mountain,4,10
308.0,26.0,1769.0,Yes,York,Mountain,1,20
309.0,33.0,1468.0,No,York,Gravel,4,4
310.0,35.0,1020.0,No,York,Gravel,2,12
311.0,29.0,453.0,No,London,Road,2,18
312.0,50.0,1560.0,No,London,Road,4,29
313.0,39.0,680.0,Yes,London,Road,1,28
314.0,38.0,1520.0,Yes,London,Road,2,12
315.0,38.0,1010.0,Yes,Leeds,Mountain,2,15
316.0,33.0,460.0,No,Birmingham,Mountain,1,2
317.0,41.0,631.0,No,Leeds,Mountain,3,7
318.0,40.0,1581.0,No,Birmingham,Mountain,2,23
319.0,40.0,1370.0,No,Manchester,Gravel,2,14
320.0,35.0,1499.0,Yes,Manchester,Gravel,1,10
321.0,26.0,446.0,Yes,York,Road,3,8
322.0,28.0,417.0,Yes,York,Road,4,27
323.0,50.0,1452.0,No,York,Road,2,31
324.0,40.0,416.0,No,York,Road,1,5
325.0,50.0,508.0,No,York,Mountain,1,6
326.0,47.0,1863.0,No,London,Mountain,4,15
327.0,40.0,1018.0,Yes,London,Mountain,3,12
328.0,37.0,583.0,Yes,London,Mountain,3,14
329.0,38.0,1288.0,Yes,London,Gravel,3,11
330.0,35.0,1945.0,No,Leeds,Gravel,3,19
331.0,26.0,673.0,No,York,Road,4,2
332.0,50.0,1566.0,No,York,Road,3,30
333.0,47.0,841.0,No,York,Road,2,6
334.0,33.0,1595.0,Yes,York,Road,1,5
335.0,31.0,1837.0,Yes,York,Mountain,1,7
336.0,40.0,1153.0,Yes,London,Mountain,1,21
337.0,47.0,477.0,No,London,Mountain,3,19
338.0,41.0,1248.0,No,London,Mountain,4,4
339.0,46.0,984.0,No,London,Gravel,3,17
340.0,33.0,1444.0,No,Leeds,Gravel,2,7
341.0,40.0,1309.0,Yes,Birmingham,Road,1,3
342.0,31.0,1769.0,Yes,Leeds,Road,1,17
343.0,33.0,1081.0,Yes,Birmingham,Road,3,1
344.0,34.0,413.0,No,Manchester,Road,2,18
345.0,35.0,1985.0,No,Manchester,Mountain,4,19
346.0,76.0,1304.0,No,York,Mountain,4,29
347.0,46.0,1093.0,No,York,Mountain,1,29
348.0,29.0,1952.0,Yes,York,Mountain,3,23
349.0,37.0,1915.0,Yes,York,Gravel,3,17
350.0,47.0,461.0,Yes,York,Gravel,1,6
351.0,36.0,1702.0,No,London,Road,3,26
352.0,40.0,981.0,No,London,Road,3,29
353.0,47.0,1898.0,No,London,Road,1,12
354.0,35.0,1428.0,No,London,Road,1,18
355.0,45.0,1715.0,Yes,Leeds,Mountain,1,2
356.0,44.0,1479.0,Yes,Birmingham,Mountain,3,13
357.0,47.0,839.0,Yes,Leeds,Mountain,2,5
358.0,39.0,1429.0,No,Birmingham,Mountain,4,3
359.0,28.0,1682.0,No,Manchester,Gravel,2,20
360.0,45.0,778.0,No,Manchester,Gravel,2,4
361.0,38.0,498.0,No,York,Road,1,24
362.0,25.0,536.0,Yes,York,Road,2,17
363.0,43.0,1234.0,Yes,York,Road,4,10
364.0,26.0,1983.0,Yes,York,Road,4,2
365.0,44.0,1737.0,No,York,Mountain,4,24
366.0,47.0,1040.0,No,London,Mountain,1,23
367.0,28.0,1027.0,No,London,Mountain,2,13
368.0,36.0,1490.0,No,London,Mountain,2,11
369.0,30.0,1794.0,Yes,London,Gravel,3,26
370.0,45.0,1566.0,Yes,Leeds,Gravel,2,5
371.0,41.0,1427.0,Yes,Birmingham,Road,1,20
372.0,27.0,1420.0,No,Leeds,Road,4,13
373.0,28.0,897.0,No,Birmingham,Road,1,26
374.0,32.0,778.0,No,Manchester,Road,3,24
375.0,35.0,1615.0,No,Manchester,Mountain,1,12
376.0,50.0,1177.0,Yes,York,Mountain,1,11
377.0,25.0,1301.0,Yes,York,Mountain,3,4
378.0,25.0,1848.0,Yes,York,Mountain,3,7
379.0,27.0,1638.0,No,York,Gravel,2,17
380.0,26.0,1134.0,No,York,Gravel,4,10
381.0,43.0,1465.0,No,London,Road,1,20
382.0,29.0,1298.0,No,London,Road,2,27
383.0,43.0,701.0,Yes,London,Road,4,3
384.0,50.0,646.0,Yes,London,Road,4,20
385.0,42.0,1293.0,Yes,Leeds,Mountain,2,29
386.0,35.0,644.0,No,York,Mountain,3,29
387.0,27.0,1411.0,No,York,Mountain,2,3
388.0,28.0,1810.0,No,York,Mountain,2,5
389.0,46.0,1107.0,No,York,Gravel,2,4
390.0,48.0,1226.0,Yes,York,Gravel,2,13
391.0,27.0,1278.0,Yes,London,Road,3,12
392.0,50.0,1968.0,Yes,London,Road,4,18
393.0,38.0,1499.0,No,London,Road,3,5
394.0,35.0,632.0,No,London,Road,2,21
395.0,44.0,1180.0,No,Leeds,Mountain,4,14
396.0,34.0,1565.0,No,Birmingham,Mountain,1,2
397.0,36.0,1941.0,Yes,Leeds,Mountain,4,15
398.0,46.0,1539.0,Yes,Birmingham,Mountain,3,11
399.0,34.0,1695.0,Yes,Manchester,Gravel,1,16
400.0,25.0,1562.0,No,Manchester,Gravel,4,10
401.0,49.0,1262.0,No,York,Road,4,27
402.0,44.0,951.0,No,York,Road,2,6
403.0,25.0,1814.0,No,York,Road,3,10
404.0,49.0,1817.0,Yes,York,Road,4,6
405.0,43.0,1921.0,Yes,York,Mountain,3,31
406.0,39.0,1877.0,Yes,London,Mountain,4,6
407.0,47.0,528.0,No,London,Mountain,3,19
408.0,42.0,1033.0,No,London,Mountain,2,15
409.0,47.0,1145.0,No,London,Gravel,3,10
410.0,34.0,1803.0,No,Leeds,Gravel,3,6
411.0,36.0,616.0,Yes,Birmingham,Road,1,3
412.0,49.0,893.0,Yes,Leeds,Road,3,22
413.0,25.0,478.0,Yes,Birmingham,Road,4,1
414.0,43.0,827.0,No,Manchester,Road,2,8
415.0,27.0,1513.0,No,Manchester,Mountain,2,12
416.0,37.0,1365.0,No,York,Mountain,2,6
417.0,46.0,1610.0,No,York,Mountain,1,13
418.0,40.0,606.0,Yes,York,Mountain,1,1
419.0,41.0,588.0,Yes,York,Gravel,1,21
420.0,25.0,1807.0,Yes,York,Gravel,1,8
421.0,36.0,1621.0,No,London,Road,2,11
422.0,37.0,959.0,No,London,Road,1,31
423.0,44.0,1730.0,No,London,Road,3,5
424.0,44.0,465.0,No,London,Road,3,31
425.0,50.0,1133.0,Yes,Leeds,Mountain,4,7
426.0,47.0,1315.0,Yes,Birmingham,Mountain,2,14
427.0,50.0,1738.0,Yes,Leeds,Mountain,4,5
428.0,45.0,1378.0,No,Birmingham,Mountain,2,11
429.0,34.0,879.0,No,Manchester,Gravel,2,14
430.0,39.0,1816.0,No,Manchester,Gravel,4,29
431.0,37.0,643.0,No,York,Road,2,14
432.0,32.0,1279.0,Yes,York,Road,2,13
433.0,31.0,991.0,Yes,York,Road,1,3
434.0,26.0,884.0,Yes,York,Road,3,21
435.0,34.0,850.0,No,York,Mountain,3,15
436.0,25.0,1524.0,No,London,Mountain,2,27
437.0,30.0,1723.0,No,London,Mountain,2,4
438.0,35.0,858.0,No,London,Mountain,4,23
439.0,31.0,405.0,Yes,London,Gravel,2,20
440.0,31.0,839.0,Yes,Leeds,Gravel,1,13
441.0,26.0,1500.0,Yes,York,Road,4,2
442.0,35.0,1697.0,No,York,Road,2,15
443.0,45.0,518.0,No,York,Road,1,16
444.0,39.0,1893.0,No,York,Road,1,4
445.0,48.0,1422.0,No,York,Mountain,3,13
446.0,29.0,1573.0,Yes,London,Mountain,3,11
447.0,46.0,1409.0,Yes,London,Mountain,3,11
448.0,41.0,1097.0,Yes,London,Mountain,4,7
449.0,38.0,1704.0,No,London,Gravel,1,15
450.0,32.0,1145.0,No,Leeds,Gravel,2,30
451.0,40.0,1023.0,No,Birmingham,Road,1,26
452.0,26.0,1864.0,No,Leeds,Road,4,4
453.0,35.0,1574.0,Yes,Birmingham,Road,2,1
454.0,45.0,731.0,Yes,Manchester,Road,2,19
455.0,47.0,1895.0,Yes,Manchester,Mountain,4,4
456.0,49.0,687.0,No,York,Mountain,3,16
457.0,33.0,1731.0,No,York,Mountain,2,23
458.0,39.0,771.0,No,York,Mountain,2,3
459.0,33.0,1473.0,No,York,Gravel,1,14
460.0,34.0,1499.0,Yes,York,Gravel,3,8
461.0,36.0,874.0,Yes,London,Road,2,10
462.0,40.0,406.0,Yes,London,Road,4,4
463.0,34.0,822.0,No,London,Road,3,20
464.0,43.0,463.0,No,London,Road,3,17
465.0,38.0,594.0,No,Leeds,Mountain,3,12
466.0,36.0,559.0,No,Birmingham,Mountain,2,26
467.0,30.0,1397.0,Yes,Leeds,Mountain,3,7
468.0,41.0,651.0,Yes,Birmingham,Mountain,3,28
469.0,33.0,1357.0,Yes,Manchester,Gravel,2,16
470.0,27.0,744.0,No,Manchester,Gravel,4,22
471.0,46.0,1595.0,No,York,Road,1,31
472.0,31.0,1180.0,No,York,Road,4,15
473.0,30.0,1459.0,No,York,Road,2,5
474.0,38.0,1588.0,Yes,York,Road,3,8
475.0,37.0,401.0,Yes,York,Mountain,1,23
476.0,32.0,1830.0,Yes,London,Mountain,3,5
477.0,28.0,1685.0,No,London,Mountain,3,8
478.0,39.0,1494.0,No,London,Mountain,2,27
479.0,47.0,1434.0,No,London,Gravel,2,13
480.0,45.0,542.0,No,Leeds,Gravel,4,8
481.0,38.0,1158.0,Yes,Birmingham,Road,4,11
482.0,47.0,1835.0,Yes,Leeds,Road,1,23
483.0,48.0,1474.0,Yes,Birmingham,Road,4,30
484.0,31.0,1619.0,No,Manchester,Road,4,8
485.0,35.0,693.0,No,Manchester,Mountain,2,30
486.0,41.0,1892.0,No,York,Mountain,2,17
487.0,46.0,820.0,No,York,Mountain,4,13
488.0,25.0,1599.0,Yes,York,Mountain,1,17
489.0,44.0,1567.0,Yes,York,Gravel,2,24
490.0,41.0,1944.0,Yes,York,Gravel,1,6
491.0,28.0,1147.0,No,London,Road,2,25
492.0,42.0,1859.0,No,London,Road,4,23
493.0,31.0,794.0,No,London,Road,4,21
494.0,27.0,1306.0,No,London,Road,4,7
495.0,27.0,1784.0,Yes,Leeds,Mountain,4,28
496.0,25.0,1302.0,Yes,York,Mountain,4,30
497.0,44.0,437.0,Yes,York,Mountain,2,23
498.0,33.0,940.0,No,York,Mountain,4,10
499.0,30.0,921.0,No,York,Gravel,3,30
500.0,31.0,1378.0,No,York,Gravel,1,12
501.0,25.0,838.0,No,London,Road,2,11
502.0,45.0,1428.0,Yes,London,Road,4,6
503.0,32.0,652.0,Yes,London,Road,2,6
504.0,48.0,1616.0,Yes,London,Road,3,1
505.0,34.0,885.0,No,Leeds,Mountain,3,15
506.0,31.0,1913.0,No,Birmingham,Mountain,3,2
507.0,46.0,742.0,No,Leeds,Mountain,1,12
508.0,34.0,1083.0,No,Birmingham,Mountain,2,17
509.0,26.0,1628.0,Yes,Manchester,Gravel,1,14
510.0,32.0,1234.0,Yes,Manchester,Gravel,1,8
511.0,43.0,1656.0,Yes,York,Road,3,14
512.0,33.0,786.0,No,York,Road,4,12
513.0,50.0,1931.0,No,York,Road,2,30
514.0,49.0,1238.0,No,York,Road,3,23
515.0,41.0,927.0,No,York,Mountain,2,2
516.0,43.0,804.0,Yes,London,Mountain,2,25
517.0,44.0,889.0,Yes,London,Mountain,2,11
518.0,38.0,1489.0,Yes,London,Mountain,2,3
519.0,29.0,989.0,No,London,Gravel,3,28
520.0,40.0,767.0,No,Leeds,Gravel,1,13
521.0,41.0,1301.0,No,Birmingham,Road,2,4
522.0,27.0,574.0,No,Leeds,Road,2,16
523.0,33.0,563.0,Yes,Birmingham,Road,3,11
524.0,44.0,1497.0,Yes,Manchester,Road,4,15
525.0,25.0,903.0,Yes,Manchester,Mountain,4,9
526.0,48.0,417.0,No,York,Mountain,2,30
527.0,29.0,1327.0,No,York,Mountain,2,26
528.0,28.0,1195.0,No,York,Mountain,3,7
529.0,26.0,1687.0,No,York,Gravel,2,8
530.0,49.0,805.0,Yes,York,Gravel,2,30
531.0,29.0,1146.0,Yes,London,Road,2,15
532.0,37.0,803.0,Yes,London,Road,3,5
533.0,40.0,785.0,No,London,Road,1,20
534.0,38.0,524.0,No,London,Road,4,19
535.0,48.0,1599.0,No,Leeds,Mountain,3,12
536.0,38.0,1532.0,No,Birmingham,Mountain,1,14
537.0,37.0,453.0,Yes,Leeds,Mountain,4,22
538.0,30.0,1137.0,Yes,Birmingham,Mountain,2,14
539.0,31.0,1884.0,Yes,Manchester,Gravel,4,23
540.0,35.0,1966.0,No,Manchester,Gravel,1,17
541.0,39.0,1430.0,No,York,Road,4,19
542.0,42.0,1772.0,No,York,Road,3,28
543.0,50.0,1219.0,No,York,Road,2,8
544.0,32.0,955.0,Yes,York,Road,3,12
545.0,43.0,410.0,Yes,York,Mountain,2,9
546.0,28.0,961.0,Yes,London,Mountain,2,27
547.0,82.0,1854.0,No,London,Mountain,3,2
548.0,31.0,1697.0,No,London,Mountain,3,7
549.0,40.0,1507.0,No,London,Gravel,1,25
550.0,33.0,1119.0,No,Leeds,Gravel,4,5
551.0,28.0,1972.0,Yes,York,Road,1,12
552.0,39.0,1609.0,Yes,York,Road,1,25
553.0,41.0,836.0,Yes,York,Road,3,13
554.0,35.0,464.0,No,York,Road,2,21
555.0,48.0,1820.0,No,York,Mountain,4,18
556.0,28.0,1008.0,No,London,Mountain,3,30
557.0,50.0,1312.0,No,London,Mountain,4,21
558.0,31.0,809.0,Yes,London,Mountain,1,10
559.0,50.0,1953.0,Yes,London,Gravel,1,24
560.0,38.0,1605.0,Yes,Leeds,Gravel,3,11
561.0,40.0,1562.0,No,Birmingham,Road,1,21
562.0,29.0,798.0,No,Leeds,Road,3,13
563.0,38.0,1699.0,No,Birmingham,Road,3,5
564.0,40.0,1394.0,No,Manchester,Road,2,25
565.0,50.0,879.0,Yes,Manchester,Mountain,3,4
566.0,37.0,622.0,Yes,York,Mountain,2,3
567.0,41.0,1568.0,Yes,York,Mountain,3,8
568.0,25.0,990.0,No,York,Mountain,4,4
569.0,27.0,1704.0,No,York,Gravel,1,9
570.0,25.0,1406.0,No,York,Gravel,4,17
571.0,29.0,888.0,No,London,Road,4,18
572.0,25.0,1570.0,Yes,London,Road,2,7
573.0,48.0,1146.0,Yes,London,Road,4,21
574.0,39.0,472.0,Yes,London,Road,3,18
575.0,45.0,1593.0,No,Leeds,Mountain,1,9
576.0,34.0,662.0,No,Birmingham,Mountain,3,10
577.0,38.0,1861.0,No,Leeds,Mountain,4,22
578.0,40.0,1703.0,No,Birmingham,Mountain,3,10
579.0,50.0,652.0,Yes,Manchester,Gravel,1,28
580.0,36.0,1970.0,Yes,Manchester,Gravel,2,27
581.0,27.0,974.0,Yes,York,Road,4,7
582.0,33.0,1375.0,No,York,Road,2,7
583.0,41.0,474.0,No,York,Road,4,29
584.0,25.0,1442.0,No,York,Road,2,7
585.0,25.0,965.0,No,York,Mountain,3,23
586.0,46.0,1517.0,Yes,London,Mountain,4,10
587.0,25.0,1355.0,Yes,London,Mountain,4,10
588.0,31.0,1799.0,Yes,London,Mountain,3,12
589.0,26.0,427.0,No,London,Gravel,2,17
590.0,31.0,756.0,No,Leeds,Gravel,3,2
591.0,40.0,1308.0,No,Birmingham,Road,2,23
592.0,38.0,908.0,No,Leeds,Road,3,11
593.0,33.0,1386.0,Yes,Birmingham,Road,4,11
594.0,38.0,1083.0,Yes,Manchester,Road,1,9
595.0,47.0,1762.0,Yes,Manchester,Mountain,1,20
596.0,28.0,639.0,No,York,Mountain,3,6
597.0,25.0,1509.0,No,York,Mountain,1,30
598.0,46.0,532.0,No,York,Mountain,2,3
599.0,45.0,1131.0,No,York,Gravel,1,28
600.0,42.0,3946.0,Yes,York,Gravel,3,5
601.0,25.0,1731.0,Yes,London,Road,2,4
602.0,38.0,3480.0,Yes,London,Road,3,22
603.0,44.0,2968.0,No,London,Road,1,2
604.0,46.0,1554.0,No,London,Road,2,1
605.0,31.0,1870.0,No,Leeds,Mountain,3,18
606.0,30.0,3839.0,No,York,Mountain,3,25
607.0,47.0,4542.0,Yes,York,Mountain,3,7
608.0,44.0,2146.0,Yes,York,Mountain,2,22
609.0,50.0,3189.0,Yes,York,Gravel,3,29
610.0,35.0,2248.0,No,York,Gravel,2,11
611.0,25.0,1256.0,No,London,Road,3,12
612.0,49.0,4847.0,No,London,Road,3,22
613.0,33.0,4128.0,No,London,Road,2,11
614.0,35.0,2743.0,Yes,London,Road,3,27
615.0,33.0,3978.0,Yes,Leeds,Mountain,1,10
616.0,49.0,4844.0,Yes,Birmingham,Mountain,4,6
617.0,27.0,4548.0,No,Leeds,Mountain,4,26
618.0,41.0,1468.0,No,Birmingham,Mountain,2,11
619.0,44.0,3008.0,No,Manchester,Gravel,4,7
620.0,49.0,1314.0,No,Manchester,Gravel,1,2
621.0,47.0,3504.0,Yes,York,Road,2,21
622.0,35.0,2483.0,Yes,York,Road,1,5
623.0,41.0,4604.0,Yes,York,Road,2,10
624.0,29.0,4111.0,No,York,Road,4,8
625.0,40.0,4582.0,No,York,Mountain,1,23
626.0,29.0,1466.0,No,London,Mountain,4,19
627.0,47.0,4315.0,No,London,Mountain,1,10
628.0,42.0,3741.0,Yes,London,Mountain,3,25
629.0,31.0,1550.0,Yes,London,Gravel,4,7
630.0,33.0,2348.0,Yes,Leeds,Gravel,2,29
631.0,46.0,2395.0,No,Birmingham,Road,3,30
632.0,31.0,2150.0,No,Leeds,Road,3,19
633.0,41.0,2102.0,No,Birmingham,Road,1,19
634.0,32.0,4873.0,No,Manchester,Road,4,23
635.0,37.0,3568.0,Yes,Manchester,Mountain,1,4
636.0,39.0,2822.0,Yes,York,Mountain,2,5
637.0,47.0,4454.0,Yes,York,Mountain,2,30
638.0,37.0,2113.0,No,York,Mountain,4,18
639.0,34.0,4398.0,No,York,Gravel,1,23
640.0,46.0,3714.0,No,York,Gravel,4,6
641.0,34.0,2559.0,No,London,Road,4,22
642.0,38.0,3956.0,Yes,London,Road,2,25
643.0,28.0,4538.0,Yes,London,Road,2,27
644.0,50.0,1536.0,Yes,London,Road,3,9
645.0,40.0,4713.0,No,Leeds,Mountain,3,8
646.0,36.0,3565.0,No,Birmingham,Mountain,4,21
647.0,30.0,3130.0,No,Leeds,Mountain,2,11
648.0,42.0,4912.0,No,Birmingham,Mountain,4,7
649.0,47.0,3299.0,Yes,Manchester,Gravel,4,30
650.0,49.0,4845.0,Yes,Manchester,Gravel,1,31
651.0,40.0,2597.0,Yes,York,Road,1,29
652.0,32.0,2898.0,No,York,Road,1,5
653.0,43.0,2461.0,No,York,Road,3,21
654.0,29.0,1918.0,No,York,Road,2,29
655.0,41.0,3129.0,No,York,Mountain,4,9
656.0,29.0,4420.0,Yes,London,Mountain,1,13
657.0,41.0,3450.0,Yes,London,Mountain,1,7
658.0,39.0,2635.0,Yes,London,Mountain,2,8
659.0,36.0,4086.0,No,London,Gravel,2,28
660.0,29.0,1105.0,No,Leeds,Gravel,3,15
661.0,50.0,4425.0,No,York,Road,3,17
662.0,36.0,1122.0,No,York,Road,3,28
663.0,34.0,1631.0,Yes,York,Road,2,12
664.0,28.0,3062.0,Yes,York,Road,3,13
665.0,29.0,4459.0,Yes,York,Mountain,4,10
666.0,33.0,1396.0,No,London,Mountain,1,22
667.0,25.0,4814.0,No,London,Mountain,2,1
668.0,42.0,2078.0,No,London,Mountain,4,21
669.0,28.0,2529.0,No,London,Gravel,3,21
670.0,28.0,3056.0,Yes,Leeds,Gravel,4,2
671.0,38.0,1399.0,Yes,Birmingham,Road,3,25
672.0,36.0,1802.0,Yes,Leeds,Road,2,11
673.0,43.0,3255.0,No,Birmingham,Road,2,6
674.0,43.0,1060.0,No,Manchester,Road,4,9
675.0,48.0,1703.0,No,Manchester,Mountain,2,3
676.0,50.0,3384.0,No,York,Mountain,2,16
677.0,28.0,2135.0,Yes,York,Mountain,2,19
678.0,30.0,4621.0,Yes,York,Mountain,2,2
679.0,26.0,1684.0,Yes,York,Gravel,4,28
680.0,47.0,4113.0,No,York,Gravel,4,27
681.0,29.0,4072.0,No,London,Road,3,24
682.0,30.0,1208.0,No,London,Road,2,24
683.0,26.0,3580.0,No,London,Road,2,29
684.0,42.0,3558.0,Yes,London,Road,4,11
685.0,25.0,1926.0,Yes,Leeds,Mountain,1,22
686.0,35.0,4714.0,Yes,Birmingham,Mountain,2,13
687.0,35.0,1334.0,No,Leeds,Mountain,3,12
688.0,27.0,4736.0,No,Birmingham,Mountain,1,27
689.0,29.0,2893.0,No,Manchester,Gravel,3,26
690.0,48.0,3743.0,No,Manchester,Gravel,3,10
691.0,27.0,3095.0,Yes,York,Road,1,20
692.0,30.0,2810.0,Yes,York,Road,1,27
693.0,32.0,3433.0,Yes,York,Road,3,10
694.0,48.0,3102.0,No,York,Road,3,28
695.0,34.0,4038.0,No,York,Mountain,3,16
696.0,26.0,2844.0,No,London,Mountain,1,5
697.0,33.0,2552.0,No,London,Mountain,2,8
698.0,31.0,4453.0,Yes,London,Mountain,2,13
699.0,39.0,3790.0,Yes,London,Gravel,3,26
700.0,46.0,1127.0,Yes,Leeds,Gravel,3,18
701.0,39.0,4191.0,No,Birmingham,Road,2,8
702.0,42.0,1180.0,No,Leeds,Road,3,9
703.0,46.0,3711.0,No,Birmingham,Road,2,29
704.0,25.0,1581.0,No,Manchester,Road,2,25
705.0,34.0,4463.0,Yes,Manchester,Mountain,1,3
706.0,49.0,3469.0,Yes,York,Mountain,3,4
707.0,35.0,4307.0,Yes,York,Mountain,3,21
708.0,46.0,3765.0,No,York,Mountain,4,1
709.0,45.0,4553.0,No,York,Gravel,1,2
710.0,28.0,2619.0,No,York,Gravel,3,23
711.0,36.0,4029.0,No,London,Road,2,18
712.0,44.0,4000.0,Yes,London,Road,3,9
713.0,45.0,2995.0,Yes,London,Road,4,20
714.0,48.0,4607.0,Yes,London,Road,2,21
715.0,31.0,1736.0,No,Leeds,Mountain,3,9
716.0,30.0,4123.0,No,York,Mountain,3,30
717.0,26.0,2130.0,No,York,Mountain,1,10
718.0,28.0,3909.0,No,York,Mountain,2,25
719.0,43.0,2087.0,Yes,York,Gravel,3,14
720.0,48.0,3385.0,Yes,York,Gravel,3,14
721.0,44.0,4491.0,Yes,London,Road,2,12
722.0,33.0,1609.0,No,London,Road,1,16
723.0,39.0,4105.0,No,London,Road,4,1
724.0,43.0,2019.0,No,London,Road,2,19
725.0,41.0,3881.0,No,Leeds,Mountain,1,16
726.0,49.0,4794.0,Yes,Birmingham,Mountain,4,25
727.0,46.0,2217.0,Yes,Leeds,Mountain,2,29
728.0,46.0,1974.0,Yes,Birmingham,Mountain,3,22
729.0,29.0,4924.0,No,Manchester,Gravel,3,4
730.0,33.0,1267.0,No,Manchester,Gravel,1,21
731.0,26.0,2002.0,No,York,Road,1,8
732.0,28.0,3356.0,No,York,Road,3,11
733.0,46.0,1833.0,Yes,York,Road,2,15
734.0,25.0,4588.0,Yes,York,Road,3,11
735.0,36.0,1930.0,Yes,York,Mountain,1,28
736.0,38.0,4064.0,No,London,Mountain,1,18
737.0,39.0,4189.0,No,London,Mountain,3,4
738.0,49.0,1442.0,No,London,Mountain,3,3
739.0,36.0,1353.0,No,London,Gravel,4,25
740.0,47.0,3167.0,Yes,Leeds,Gravel,4,1
741.0,32.0,2456.0,Yes,Birmingham,Road,1,21
742.0,40.0,2391.0,Yes,Leeds,Road,3,14
743.0,50.0,4013.0,No,Birmingham,Road,3,25
744.0,35.0,1506.0,No,Manchester,Road,3,18
745.0,50.0,3048.0,No,Manchester,Mountain,1,17
746.0,31.0,1972.0,No,York,Mountain,2,8
747.0,32.0,3329.0,Yes,York,Mountain,1,23
748.0,27.0,2065.0,Yes,York,Mountain,4,6
749.0,43.0,3666.0,Yes,York,Gravel,3,11
750.0,39.0,3199.0,No,York,Gravel,2,30
751.0,36.0,4750.0,No,London,Road,1,29
752.0,43.0,1601.0,No,London,Road,1,10
753.0,47.0,4705.0,No,London,Road,1,18
754.0,45.0,2468.0,Yes,London,Road,2,26
755.0,40.0,1394.0,Yes,Leeds,Mountain,2,10
756.0,42.0,2074.0,Yes,Birmingham,Mountain,3,23
757.0,38.0,1475.0,No,Leeds,Mountain,3,22
758.0,36.0,3884.0,No,Birmingham,Mountain,3,28
759.0,38.0,4303.0,No,Manchester,Gravel,1,13
760.0,31.0,3371.0,No,Manchester,Gravel,4,2
761.0,27.0,3021.0,Yes,York,Road,1,21
762.0,26.0,1010.0,Yes,York,Road,2,10
763.0,30.0,1503.0,Yes,York,Road,3,23
764.0,26.0,3853.0,No,York,Road,3,15
765.0,40.0,4281.0,No,York,Mountain,1,22
766.0,49.0,1092.0,No,London,Mountain,3,29
767.0,42.0,1217.0,No,London,Mountain,2,2
768.0,45.0,4235.0,Yes,London,Mountain,3,23
769.0,35.0,3380.0,Yes,London,Gravel,4,27
770.0,50.0,3724.0,Yes,Leeds,Gravel,3,5
771.0,30.0,3426.0,No,York,Road,2,14
772.0,43.0,3314.0,No,York,Road,3,19
773.0,88.0,4797.0,No,York,Road,4,3
774.0,37.0,3014.0,No,York,Road,2,20
775.0,39.0,1081.0,Yes,York,Mountain,3,28
776.0,38.0,3067.0,Yes,London,Mountain,2,10
777.0,32.0,2185.0,Yes,London,Mountain,2,21
778.0,37.0,3247.0,No,London,Mountain,1,18
779.0,33.0,1229.0,No,London,Gravel,3,18
780.0,44.0,1626.0,No,Leeds,Gravel,3,30
781.0,43.0,3619.0,No,Birmingham,Road,3,26
782.0,38.0,3049.0,Yes,Leeds,Road,3,30
783.0,40.0,1308.0,Yes,Birmingham,Road,1,18
784.0,39.0,1650.0,Yes,Manchester,Road,2,17
785.0,38.0,3001.0,No,Manchester,Mountain,3,24
786.0,47.0,4099.0,No,York,Mountain,1,27
787.0,33.0,4882.0,No,York,Mountain,2,24
788.0,38.0,2614.0,No,York,Mountain,4,10
789.0,34.0,2442.0,Yes,York,Gravel,1,23
790.0,48.0,1366.0,Yes,York,Gravel,2,11
791.0,48.0,2080.0,Yes,London,Road,4,19
792.0,41.0,2515.0,No,London,Road,2,4
793.0,36.0,3334.0,No,London,Road,4,7
794.0,47.0,4929.0,No,London,Road,1,22
795.0,27.0,1013.0,No,Leeds,Mountain,2,25
796.0,50.0,3541.0,Yes,Birmingham,Mountain,3,19
797.0,26.0,4911.0,Yes,Leeds,Mountain,4,6
798.0,27.0,4348.0,Yes,Birmingham,Mountain,3,20
799.0,48.0,1417.0,No,Manchester,Gravel,2,29
800.0,33.0,1174.0,No,Manchester,Gravel,3,6
801.0,25.0,2054.0,No,York,Road,2,25
802.0,47.0,3656.0,No,York,Road,2,28
803.0,43.0,2808.0,Yes,York,Road,4,10
804.0,42.0,1291.0,Yes,York,Road,2,22
805.0,40.0,3107.0,Yes,York,Mountain,2,20
806.0,43.0,3931.0,No,London,Mountain,3,11
807.0,28.0,4396.0,No,London,Mountain,2,28
808.0,35.0,2743.0,No,London,Mountain,3,27
809.0,37.0,1460.0,No,London,Gravel,3,27
810.0,26.0,3509.0,Yes,Leeds,Gravel,4,2
811.0,32.0,3039.0,Yes,Birmingham,Road,4,1
812.0,39.0,3939.0,Yes,Leeds,Road,2,30
813.0,28.0,3688.0,No,Birmingham,Road,1,19
814.0,39.0,2831.0,No,Manchester,Road,1,10
815.0,49.0,4499.0,No,Manchester,Mountain,1,18
816.0,50.0,4960.0,No,York,Mountain,3,19
817.0,28.0,1979.0,Yes,York,Mountain,2,24
818.0,27.0,1943.0,Yes,York,Mountain,4,18
819.0,35.0,4246.0,Yes,York,Gravel,3,6
820.0,34.0,1701.0,No,York,Gravel,2,22
821.0,49.0,3656.0,No,London,Road,4,10
822.0,45.0,3668.0,No,London,Road,3,18
823.0,41.0,3117.0,No,London,Road,3,5
824.0,30.0,1580.0,Yes,London,Road,1,3
825.0,49.0,3514.0,Yes,Leeds,Mountain,2,25
826.0,33.0,4461.0,Yes,York,Mountain,1,3
827.0,41.0,4049.0,No,York,Mountain,1,26
828.0,25.0,3295.0,No,York,Mountain,4,4
829.0,28.0,1777.0,No,York,Gravel,4,20
830.0,27.0,3971.0,No,York,Gravel,4,28
831.0,44.0,1185.0,Yes,London,Road,1,20
832.0,50.0,4184.0,Yes,London,Road,3,18
833.0,28.0,3423.0,Yes,London,Road,2,21
834.0,36.0,1313.0,No,London,Road,4,5
835.0,28.0,1608.0,No,Leeds,Mountain,1,31
836.0,50.0,3673.0,No,Birmingham,Mountain,1,20
837.0,47.0,3633.0,No,Leeds,Mountain,2,23
838.0,34.0,3080.0,Yes,Birmingham,Mountain,1,11
839.0,40.0,4959.0,Yes,Manchester,Gravel,1,7
840.0,47.0,4349.0,Yes,Manchester,Gravel,2,13
841.0,42.0,1152.0,No,York,Road,2,1
842.0,37.0,1095.0,No,York,Road,2,16
843.0,39.0,3221.0,No,York,Road,2,16
844.0,36.0,1154.0,No,York,Road,1,3
845.0,43.0,2314.0,Yes,York,Mountain,2,15
846.0,34.0,2937.0,Yes,London,Mountain,2,2
847.0,43.0,3928.0,Yes,London,Mountain,4,1
848.0,30.0,2236.0,No,London,Mountain,3,24
849.0,36.0,3494.0,No,London,Gravel,1,27
850.0,26.0,3237.0,No,Leeds,Gravel,2,6
851.0,43.0,1058.0,No,Birmingham,Road,1,20
852.0,43.0,1950.0,Yes,Leeds,Road,2,8
853.0,40.0,4762.0,Yes,Birmingham,Road,1,18
854.0,26.0,4772.0,Yes,Manchester,Road,3,18
855.0,48.0,2885.0,No,Manchester,Mountain,2,29
856.0,49.0,3553.0,No,York,Mountain,4,20
857.0,40.0,4498.0,No,York,Mountain,3,16
858.0,50.0,3374.0,No,York,Mountain,2,25
859.0,45.0,3048.0,Yes,York,Gravel,3,30
860.0,45.0,2073.0,Yes,York,Gravel,1,28
861.0,40.0,1738.0,Yes,London,Road,2,23
862.0,26.0,3664.0,No,London,Road,1,5
863.0,29.0,2114.0,No,London,Road,1,2
864.0,26.0,2910.0,No,London,Road,3,23
865.0,35.0,2015.0,No,Leeds,Mountain,2,15
866.0,49.0,1622.0,Yes,Birmingham,Mountain,1,23
867.0,47.0,3889.0,Yes,Leeds,Mountain,3,27
868.0,27.0,4641.0,Yes,Birmingham,Mountain,3,2
869.0,48.0,3451.0,No,Manchester,Gravel,2,17
870.0,48.0,3020.0,No,Manchester,Gravel,3,17
871.0,50.0,3741.0,No,York,Road,3,30
872.0,25.0,3574.0,No,York,Road,3,21
873.0,25.0,4889.0,Yes,York,Road,2,17
874.0,50.0,3729.0,Yes,York,Road,2,21
875.0,29.0,3217.0,Yes,York,Mountain,4,24
876.0,33.0,2565.0,No,London,Mountain,1,31
877.0,27.0,2804.0,No,London,Mountain,2,21
878.0,29.0,2914.0,No,London,Mountain,1,20
879.0,35.0,2204.0,No,London,Gravel,3,26
880.0,26.0,3597.0,Yes,Leeds,Gravel,4,31
881.0,50.0,4780.0,Yes,York,Road,2,2
882.0,42.0,1129.0,Yes,York,Road,3,28
883.0,32.0,4903.0,No,York,Road,1,28
884.0,29.0,4647.0,No,York,Road,2,3
885.0,25.0,4300.0,No,York,Mountain,2,5
886.0,29.0,4341.0,No,London,Mountain,3,4
887.0,34.0,4883.0,Yes,London,Mountain,4,1
888.0,39.0,2358.0,Yes,London,Mountain,2,10
889.0,47.0,2636.0,Yes,London,Gravel,2,7
890.0,33.0,3879.0,No,Leeds,Gravel,1,2
891.0,36.0,3491.0,No,Birmingham,Road,3,25
892.0,42.0,3037.0,No,Leeds,Road,2,4
893.0,42.0,4580.0,No,Birmingham,Road,3,9
894.0,25.0,3346.0,Yes,Manchester,Road,2,11
895.0,35.0,4856.0,Yes,Manchester,Mountain,2,11
896.0,46.0,1473.0,Yes,York,Mountain,3,2
897.0,42.0,3803.0,No,York,Mountain,2,22
898.0,47.0,4489.0,No,York,Mountain,2,30
899.0,27.0,3788.0,No,York,Gravel,1,8
900.0,25.0,4115.0,No,York,Gravel,4,14
901.0,31.0,2599.0,Yes,London,Road,4,31
902.0,36.0,1053.0,Yes,London,Road,3,14
903.0,43.0,3805.0,Yes,London,Road,2,29
904.0,40.0,2111.0,No,London,Road,4,23
905.0,33.0,3774.0,No,Leeds,Mountain,2,6
906.0,44.0,2643.0,No,Birmingham,Mountain,2,30
907.0,26.0,3580.0,No,Leeds,Mountain,2,5
908.0,50.0,4735.0,Yes,Birmingham,Mountain,4,26
909.0,46.0,1453.0,Yes,Manchester,Gravel,3,7
910.0,39.0,3582.0,Yes,Manchester,Gravel,2,29
911.0,32.0,3056.0,No,York,Road,3,7
912.0,45.0,4695.0,No,York,Road,2,21
913.0,35.0,2578.0,No,York,Road,3,5
914.0,35.0,4814.0,No,York,Road,3,25
915.0,36.0,1500.0,Yes,York,Mountain,2,4
916.0,48.0,3875.0,Yes,London,Mountain,1,27
917.0,31.0,3836.0,Yes,London,Mountain,3,19
918.0,25.0,1848.0,No,London,Mountain,1,30
919.0,25.0,4768.0,No,London,Gravel,3,16
920.0,48.0,4989.0,No,Leeds,Gravel,3,4
921.0,47.0,1816.0,No,Birmingham,Road,2,20
922.0,28.0,4761.0,Yes,Leeds,Road,2,11
923.0,31.0,4030.0,Yes,Birmingham,Road,2,1
924.0,35.0,3679.0,Yes,Manchester,Road,4,5
925.0,44.0,3139.0,No,Manchester,Mountain,3,7
926.0,26.0,1271.0,No,York,Mountain,3,17
927.0,38.0,1248.0,No,York,Mountain,2,21
928.0,48.0,4587.0,No,York,Mountain,2,1
929.0,27.0,2328.0,Yes,York,Gravel,4,10
930.0,29.0,2922.0,Yes,York,Gravel,1,28
931.0,40.0,1642.0,Yes,London,Road,2,8
932.0,30.0,1879.0,No,London,Road,3,30
933.0,50.0,4199.0,No,London,Road,2,16
934.0,43.0,3353.0,No,London,Road,2,16
935.0,37.0,2429.0,No,Leeds,Mountain,3,8
936.0,26.0,1783.0,Yes,York,Mountain,1,11
937.0,27.0,4511.0,Yes,York,Mountain,1,18
938.0,34.0,2704.0,Yes,York,Mountain,2,7
939.0,42.0,4093.0,No,York,Gravel,3,9
940.0,27.0,1615.0,No,York,Gravel,2,21
941.0,43.0,3676.0,No,London,Road,1,16
942.0,37.0,1161.0,No,London,Road,4,11
943.0,40.0,3462.0,Yes,London,Road,2,7
944.0,35.0,4837.0,Yes,London,Road,4,12
945.0,39.0,1262.0,Yes,Leeds,Mountain,4,24
946.0,27.0,1648.0,No,Birmingham,Mountain,1,28
947.0,27.0,4840.0,No,Leeds,Mountain,4,26
948.0,43.0,4646.0,No,Birmingham,Mountain,3,11
949.0,49.0,4080.0,No,Manchester,Gravel,3,22
950.0,32.0,2698.0,Yes,Manchester,Gravel,1,28
951.0,42.0,2472.0,Yes,York,Road,1,18
952.0,33.0,1623.0,Yes,York,Road,2,8
953.0,31.0,1589.0,No,York,Road,2,13
954.0,44.0,3500.0,No,York,Road,4,27
955.0,46.0,4613.0,No,York,Mountain,1,9
956.0,38.0,1946.0,No,London,Mountain,1,1
957.0,37.0,3434.0,Yes,London,Mountain,3,11
958.0,32.0,4159.0,Yes,London,Mountain,3,17
959.0,42.0,2441.0,Yes,London,Gravel,4,19
960.0,34.0,3685.0,No,Leeds,Gravel,3,15
961.0,33.0,2827.0,No,Birmingham,Road,2,27
962.0,34.0,1162.0,No,Leeds,Road,4,15
963.0,39.0,4120.0,No,Birmingham,Road,2,8
964.0,40.0,3701.0,Yes,Manchester,Road,1,19
965.0,39.0,2580.0,Yes,Manchester,Mountain,1,24
966.0,48.0,3085.0,Yes,York,Mountain,2,16
967.0,27.0,3235.0,No,York,Mountain,2,5
968.0,46.0,2660.0,No,York,Mountain,3,12
969.0,43.0,1526.0,No,York,Gravel,1,19
970.0,29.0,4541.0,No,York,Gravel,1,28
971.0,44.0,3898.0,Yes,London,Road,3,4
972.0,42.0,2680.0,Yes,London,Road,1,14
973.0,38.0,4122.0,Yes,London,Road,3,22
974.0,37.0,1400.0,No,London,Road,1,14
975.0,37.0,1773.0,No,Leeds,Mountain,1,27
976.0,31.0,1115.0,No,Birmingham,Mountain,1,13
977.0,32.0,4963.0,No,Leeds,Mountain,1,4
978.0,48.0,3283.0,Yes,Birmingham,Mountain,3,8
979.0,35.0,1295.0,Yes,Manchester,Gravel,1,25
980.0,47.0,1017.0,Yes,Manchester,Gravel,1,2
981.0,41.0,1013.0,No,York,Road,3,13
982.0,29.0,4350.0,No,York,Road,3,17
983.0,33.0,2337.0,No,York,Road,3,31
984.0,45.0,3760.0,No,York,Road,3,23
985.0,46.0,1291.0,Yes,York,Mountain,1,26
986.0,30.0,2403.0,Yes,London,Mountain,2,20
987.0,32.0,2606.0,Yes,London,Mountain,4,22
988.0,36.0,2367.0,No,London,Mountain,3,18
989.0,25.0,4785.0,No,London,Gravel,4,25
990.0,37.0,1315.0,No,Leeds,Gravel,3,16
991.0,35.0,3019.0,No,York,Road,1,23
992.0,40.0,3050.0,Yes,York,Road,4,7
993.0,38.0,2353.0,Yes,York,Road,3,25
994.0,30.0,4800.0,Yes,York,Road,2,20
995.0,28.0,4337.0,No,York,Mountain,1,17
996.0,42.0,3460.0,No,London,Mountain,3,3
997.0,48.0,3409.0,No,London,Mountain,1,17
998.0,81.0,2534.0,No,London,Mountain,1,26
999.0,37.0,4312.0,Yes,London,Gravel,2,25
1000.0,35.0,1200.0,Yes,Leeds,Gravel,1,18
